trainable_params,accuracy,memo
693904,87.5,-
693904,73.21428571428571,-
693904,69.64285714285714,-
