trainable_params,accuracy
8680,67.85714285714286
8680,71.42857142857143,-
8680,69.64285714285714,-
