trainable_params,accuracy,memo
234586,94.64285714285714,-
234586,92.85714285714286,-
234586,94.64285714285714,-
